<?xml version="1.0" encoding="utf-8"?>
<SonarProjectConfig xmlns:xsi="http://www.w3.org/2001/XMLSchema-instance" xmlns:xsd="http://www.w3.org/2001/XMLSchema" xmlns="http://www.sonarsource.com/msbuild/analyzer/2021/1">
  <AnalysisConfigPath>C:\Users\User\Documents\GitHub\Backend\COVID19Tracker\.sonarqube\conf\SonarQubeAnalysisConfig.xml</AnalysisConfigPath>
  <ProjectPath>C:\Users\User\Documents\GitHub\Backend\COVID19Tracker\COVID19Tracker.Admin\COVID19Tracker.Admin.csproj</ProjectPath>
  <FilesToAnalyzePath>C:\Users\User\Documents\GitHub\Backend\COVID19Tracker\.sonarqube\conf\0\FilesToAnalyze.txt</FilesToAnalyzePath>
  <OutPath>C:\Users\User\Documents\GitHub\Backend\COVID19Tracker\.sonarqube\out\0</OutPath>
  <ProjectType>Product</ProjectType>
  <TargetFramework>netcoreapp3.1</TargetFramework>
</SonarProjectConfig>