{
  "Routes": [
    {
      "DownstreamPathTemplate": "/api/{version}/market/company/register",
      "DownstreamScheme": "http",
      "DownstreamHttpMethod": "POST",
      "DownstreamHostAndPorts": [
        {
          "Host": "localhost",
          "Port": 5001
        }
      ],
      "UpstreamPathTemplate": "/api/{version}/market/company/register",
      "UpstreamHttpMethod": "POST",
      "RouteIsCaseSensitive": false,
      "SwaggerKey": "company"
    },
    {
      "DownstreamPathTemplate": "/api/{version}/market/company/getall",
      "DownstreamScheme": "http",
      "DownstreamHttpMethod": "GET",
      "DownstreamHostAndPorts": [
        {
          "Host": "localhost",
          "Port": 5001
        }
      ],
      "UpstreamPathTemplate": "/api/{version}/market/company/getall",
      "RouteIsCaseSensitive": false,
      "RateLimitOptions": {
        "ClientWhitelist": [],
        "EnableRateLimiting": true,
        "Period": "1s",
        "PeriodTimespan": 1,
        "Limit": 1
      },
      "SwaggerKey": "company"
    },
    {
      "DownstreamPathTemplate": "/api/{version}/market/company/info/{companycode}",
      "DownstreamScheme": "http",
      "DownstreamHttpMethod": "GET",
      "DownstreamHostAndPorts": [
        {
          "Host": "localhost",
          "Port": 5001
        }
      ],
      "UpstreamPathTemplate": "/api/{version}/market/company/info/{companycode}",
      "UpstreamHttpMethod": "GET",
      "RouteIsCaseSensitive": false,
      "RateLimitOptions": {
        "ClientWhitelist": [],
        "EnableRateLimiting": true,
        "Period": "1s",
        "PeriodTimespan": 1,
        "Limit": 1
      },
      "SwaggerKey": "company"
    },
    {
      "DownstreamPathTemplate": "/api/{version}/market/company/delete/{companycode}",
      "DownstreamScheme": "http",
      "DownstreamHttpMethod": "DELETE",
      "DownstreamHostAndPorts": [
        {
          "Host": "localhost",
          "Port": 5001
        }
      ],
      "UpstreamPathTemplate": "/api/{version}/market/company/delete/{companycode}",
      "UpstreamHttpMethod": "DELETE",
      "RouteIsCaseSensitive": false,
      "RateLimitOptions": {
        "ClientWhitelist": [],
        "EnableRateLimiting": true,
        "Period": "1s",
        "PeriodTimespan": 1,
        "Limit": 1
      },
      "SwaggerKey": "company"
    },
    {
      "DownstreamPathTemplate": "/api/{version}/market/stock/addcompanystock",
      "DownstreamScheme": "http",
      "DownstreamHttpMethod": "POST",
      "DownstreamHostAndPorts": [
        {
          "Host": "localhost",
          "Port": 5002
        }
      ],
      "UpstreamPathTemplate": "/api/{version}/market/stock/add",
      "UpstreamHttpMethod": "POST",
      "RouteIsCaseSensitive": false,
      "RateLimitOptions": {
        "ClientWhitelist": [],
        "EnableRateLimiting": true,
        "Period": "1s",
        "PeriodTimespan": 1,
        "Limit": 1
      },
      "SwaggerKey": "stock"
    },
    {
      "DownstreamPathTemplate": "/api/{version}/market/stock/deletecompanystocks/{code}",
      "DownstreamScheme": "http",
      "DownstreamHttpMethod": "DELETE",
      "DownstreamHostAndPorts": [
        {
          "Host": "localhost",
          "Port": 5002
        }
      ],
      "UpstreamPathTemplate": "/api/{version}/market/stock/delete/{code}",
      "UpstreamHttpMethod": "DELETE",
      "RouteIsCaseSensitive": false,
      "RateLimitOptions": {
        "ClientWhitelist": [],
        "EnableRateLimiting": true,
        "Period": "1s",
        "PeriodTimespan": 1,
        "Limit": 1
      },
      "SwaggerKey": "stock"
    },
    {
      "DownstreamPathTemplate": "/api/{version}/market/stockdetails/getcompanystocksbycode/{code}",
      "DownstreamScheme": "http",
      "DownstreamHttpMethod": "GET",
      "DownstreamHostAndPorts": [
        {
          "Host": "localhost",
          "Port": 5003
        }
      ],
      "UpstreamPathTemplate": "/api/{version}/market/stock/get/{code}",
      "UpstreamHttpMethod": "GET",
      "RouteIsCaseSensitive": false,
      "RateLimitOptions": {
        "ClientWhitelist": [],
        "EnableRateLimiting": true,
        "Period": "1s",
        "PeriodTimespan": 1,
        "Limit": 1
      },
      "SwaggerKey": "stock_details"
    },
    {
      "DownstreamPathTemplate": "/api/{version}/market/stockdetails/getallcompanystocks",
      "DownstreamScheme": "http",
      "DownstreamHttpMethod": "GET",
      "DownstreamHostAndPorts": [
        {
          "Host": "localhost",
          "Port": 5003
        }
      ],
      "UpstreamPathTemplate": "/api/{version}/market/stock/getall",
      "UpstreamHttpMethod": "GET",
      "RouteIsCaseSensitive": false,
      "RateLimitOptions": {
        "ClientWhitelist": [],
        "EnableRateLimiting": true,
        "Period": "1s",
        "PeriodTimespan": 1,
        "Limit": 1
      },
      "SwaggerKey": "stock_details"
    },
    {
      "DownstreamPathTemplate": "/api/{version}/market/stockdetails/getcompanystocks",
      "DownstreamScheme": "http",
      "DownstreamHttpMethod": "GET",
      "DownstreamHostAndPorts": [
        {
          "Host": "localhost",
          "Port": 5003
        }
      ],
      "UpstreamPathTemplate": "/api/{version}/market/stock/get",
      "UpstreamHttpMethod": "GET",
      "RouteIsCaseSensitive": false,
      "RateLimitOptions": {
        "ClientWhitelist": [],
        "EnableRateLimiting": true,
        "Period": "1s",
        "PeriodTimespan": 1,
        "Limit": 1
      },
      "SwaggerKey": "stock_details"
    }
  ],
  "SwaggerEndPoints": [
    {
      "Key": "covid",
      "Config": [
        {
          "Name": "Company API",
          "Version": "v1",
          "Url": "http://localhost:5001/swagger/v1/swagger.json"
        }
      ]
    },
    {
      "Key": "admin",
      "Config": [
        {
          "Name": "Stock API",
          "Version": "v1",
          "Url": "http://localhost:5002/swagger/v1/swagger.json"
        }
      ]
    },
    {
      "Key": "geographic",
      "Config": [
        {
          "Name": "Stock Details API",
          "Version": "v1",
          "Url": "http://localhost:5003/swagger/v1/swagger.json"
        }
      ]
    }
  ],
  "GlobalConfiguration": {
    "RequestIdKey": "X-Correlation-Id",
    "BaseUrl": "http://localhost:5000"
  }
}